Wayward Hatchling,090ae4ceca72d52ecf5e6b7fe7043d8f329efbfc,static/icons/059000/059402.png,True
Black Chocobo Chick,26364ac2a13b1caddd4c4be73857a274f1d43331,static/icons/059000/059448.png,False
Princely Hatchling,bbd672bb1ade0f43dc21008b9fb9a2b603753ced,static/icons/059000/059460.png,False
Ryunosuke,98fd3458db75776cb28c4b053dca8a7dfe37f86f,static/icons/059000/059861.png,False
Cherry Bomb,af48f64cf6c4a07862bbc4ebc4bde946cf490a4f,static/icons/059000/059403.png,True
Morbol Seedling,c800d7d85e0707415ba005b9fbafaf9493c40827,static/icons/059000/059412.png,True
Wide-eyed Fawn,744fa36ac24cbf414afb7f9e681da174e7c5061f,static/icons/059000/059417.png,True
Tiny Bulb,5c44123380fdb72e802fe1696da443a7de1bd43b,static/icons/059000/059423.png,True
Wind-up Dullahan,a89811d9116d10ef8998bc969de4349f0d8d02ec,static/icons/059000/059425.png,True
Buffalo Calf,7d7d0b8d81f93bbd19d2c33845343409f440eb90,static/icons/059000/059428.png,False
Beady Eye,79dbf91fd4cec6e417913019fd41b04feaef96c9,static/icons/059000/059431.png,False
Fledgling Dodo,a9f21557d001442af552c650e39bbac16bf316c0,static/icons/059000/059432.png,True
Kidragora,6696a13ce9852971bd8cb13803b89066165a26cb,static/icons/059000/059442.png,True
Onion Prince,19962d34bcd135170abe0a276ba2d8bee52cc684,static/icons/059000/059477.png,True
Eggplant Knight,ad684052302909714c9e67a70d99d4f97154bb08,static/icons/059000/059478.png,True
Mandragora Queen,48401513c15310bd75774f3693d816b71a8b575b,static/icons/059000/059481.png,True
Coblyn Larva,2f7d6dae980145e318f1045f9b1935f286efaeba,static/icons/059000/059433.png,True
Wind-up Aldgoat,98ae6e50c989bd97abc0ef5cd368a1c69aab7b04,static/icons/059000/059434.png,True
Goobbue Sproutling,6e850158e508099668c3925e073beff18188f17c,static/icons/059000/059436.png,False
Slime Puddle,773cf8ed355745576830fe1f9b3f379ada819190,static/icons/059000/059451.png,True
Tight-beaked Parrot,ff939ac8ce2af2e39c89accd90cdf0feebac1329,static/icons/059000/059462.png,True
Treasure Box,5c1e68116b58cbbd51e4cb71d50cbc4ccd933790,static/icons/059000/059483.png,False
Naughty Nanka,d8e3a6b71429e03a39d39ee679ccab08cb3cb81f,static/icons/059000/059490.png,True
Mummy's Little Mummy,a2d3ab319874f54109446abe0216aed9ba46ef58,static/icons/059000/059509.png,True
Atrophied Atomos,27d6709524edf0638db6532fbb82397d22df259b,static/icons/059000/059529.png,True
Gaelikitten,48bd5187c71e0167bc7ad5525e242da97929ad7e,static/icons/059000/059532.png,True
Paissa Brat,6476a7af48407d8efcf6457ad9f1afdee047aae3,static/icons/059000/059558.png,True
Calca,f1ab0ac3a40cd3721a1c24ff34720159aa181f74,static/icons/059000/059577.png,True
Poro Roggo,89f631abe21b595d91099a661d9890983a9600a0,static/icons/059000/059580.png,False
Fenrir Pup,454dfcb27b8abce8c7d8c04a28006a60909b644d,static/icons/059000/059582.png,True
Baby Brachiosaur,740f10b3745ebbcbcbd7ceecd0544856cf8d97e6,static/icons/059000/059603.png,True
Shaggy Shoat,88701b0cd8e8033cb5c4de182dbc2689405f86f2,static/icons/059000/059616.png,True
Bullpup,8e2853446f80bb1150fc21078b29416f6e33a357,static/icons/059000/059626.png,True
Faepup,5c7ad809f3365c1a5339b595166d9d00378ea66a,static/icons/059000/059635.png,False
Bombfish,83f1878865bd4966699330c8da51c56535b2c35f,static/icons/059000/059645.png,True
Ivon Coeurlfist Doll,cc75e6586c88da09451502f16872f919287414d9,static/icons/059000/059654.png,True
Wind-up Fafnir,d1ce95c8a47df6d0cab7b695a5f1be39b2f230d9,static/icons/059000/059685.png,True
The Prince Of Anemos,296db873f45db90d53bed333b3d01a448ff70ecb,static/icons/059000/059687.png,False
Baby Gremlin,303576825b1b4036dc0d9eae858b1e97b58d1871,static/icons/059000/059717.png,False
Tiny Echevore,d1669a8c96846aa54e69e22700fb34b9ef665eb4,static/icons/059000/059747.png,True
Little Leannan,749b47ae7d146d3076547ed1880dff6d19eefd7e,static/icons/059000/059761.png,True
Trike,e9353558905ba9b69e83bf9ea57f19749ecb7388,static/icons/059000/059806.png,True
Wee Ea,b8b733bfa6894f6a8acf0141b03c011882051238,static/icons/059000/059823.png,False
Royal Lunatender,888fe7e2d1f70345cac3a002b2ec4d6f8bb7fd96,static/icons/059000/059843.png,True
Tiny Troll,1ca05cfcbd4595c9193705cc8f31bd40f9f931df,static/icons/059000/059834.png,False
Wind-up Daivadipa,21e519a2e390034404ee386c96bbf020bca35d9a,static/icons/059000/059842.png,False
Hatching Bunny,0908c338a0c809c391840bae346c34444c1afe28,static/icons/059000/059850.png,False
Lumini,de14cbdbf7058fb295343b3ad178d129e898623f,static/icons/059000/059857.png,False
Okuri Chochin,c7d80ed27591e0dddbcc4cfa0137bf47df7da2f3,static/icons/059000/059880.png,True
Steam-powered Gobwalker G-VII,8f92cd68f1fc7a33f8f0b6589c3b2086f8e9d2ef,static/icons/059000/059540.png,True
Wind-up Exdeath,eb9eb56109d1dc98454ae38412094da0d588e368,static/icons/059000/059659.png,False
Wind-up Kefka,74492fa54a26e115d29746d183b1e8a93aa0db55,static/icons/059000/059681.png,False
OMG,ad53e47d1ed753a794771e6e4e1dbadde76073f1,static/icons/059000/059705.png,False
Wind-up Omega-M,b36a5dc08e305f08519fe068ba8a7196c5c2cdef,static/icons/059000/059744.png,True
Wind-up Omega-F,891f6ca4165059189244050c0ddb1f4c11d9d428,static/icons/059000/059745.png,True
Eden Minor,a718fb9963718490850c8dad9a452be952019e96,static/icons/059000/059741.png,False
Nosferatu,195b283f0876ffe930bcf96ba70a60041c154ad5,static/icons/059000/059840.png,False
Puff Of Darkness,331a2b2396a4d9e48d91469694bb8f7f7a1ccc81,static/icons/059000/059517.png,False
Wind-up Echidna,17e3fd62dad17d95a0660d137ed59715b7e00e9b,static/icons/059000/059560.png,False
Wind-up Calofisteri,8090b1e81709b54a293c01df5531d1e968e30ee0,static/icons/059000/059607.png,False
Wind-up Scathach,e6e9ceb840297921157fdd1a345eccf7229e53e6,static/icons/059000/059632.png,False
Construct 8,e4813c860e3a81b5fec665aab453e8b2342c0c7d,static/icons/059000/059702.png,False
Wind-up Azeyma,f3db5d0c4c7ef3db6efbfb0a2eb7cc9a1000fac8,static/icons/059000/059851.png,False
Tiny Tapir,e86108470544cac05545005be3c1620c2cd0f57a,static/icons/059000/059484.png,True
Nana Bear,9004aad8f3648ff6f0dbae3f8a6adf12eb4e81b8,static/icons/059000/059485.png,True
Nutkin,2c4fc16f664a7c9ffd67aeb3a15c8e5de741231b,static/icons/059000/059487.png,True
Fat Cat,81091c1373a8e69b84f3b7d764a7bbf08f7efb4e,static/icons/059000/059507.png,True
Repulu,605cfe308549d90fb9338a906a72aa13fcce6fe8,static/icons/059000/059906.png,True
The Great Serpent Of Ronka,857daa6a9caff1bb101491c78d6b25f3d64cb30b,static/icons/059000/059737.png,False
The Behelmeted Serpent Of Ronka,87f86866a0915099a1227bf2b303c39a4f51f99b,static/icons/059000/059769.png,False
Nagxian Cat,1a978151fc17880dd77b2f3a5af19c4874f1806e,static/icons/059000/059828.png,False
Hippo Calf,530b4456d1ba2000aec3692a6b11d78f26dc7b9c,static/icons/059000/059831.png,True
Crabe De La Crabe,b13df8071899a571380e41abf7cb21661d113e84,static/icons/059000/059832.png,False
Chewy,ffe5730396ec351a7047f6ce1d29737c74edbb38,static/icons/059000/059848.png,True
Assassin Fry,058aeefac688b391f23cde47a425b6bf7d0a4759,static/icons/059000/059510.png,True
Odder Otter,7a0b0ac5beaf2eb6b2242756588159830ef76b60,static/icons/059000/059641.png,True
Abroader Otter,d3c2c67817b6a5ab2bff8dc53d0972650db546db,static/icons/059000/059729.png,True
Bluebird,3d1e2e85acb979a77a6e0d500bd1013c2eeb173d,static/icons/059000/059416.png,True
Road Sparrow,efb907e2fbf7bc84c4677f372aafb1961c707dd6,static/icons/059000/059647.png,True
Attendee #777,d3656357a6fc879b111f58c99e41a9c509158241,static/icons/059000/059694.png,False
Findingway,3b79f9f1c056cef6a06eb53393d5e13b802e66e2,static/icons/059000/059872.png,False
Wind-up Hobgoblin,24c71937463a5b386965361ccd69547e3c238a66,static/icons/059000/059762.png,True
Wind-up Kojin,d5f37fb2e693a7fe28166141b3ff39cae02acccd,static/icons/059000/059666.png,False
Wind-up Ananta,b384bf99c679354588cf93dc0e04303a64c9a4cf,static/icons/059000/059677.png,False
Wind-up Pixie,4653e09227624fa06f0ee12ddfa378c6acc5f4ce,static/icons/059000/059754.png,False
Wind-up Arkasodara,f50c694d55afccd3143a737adcad452cf97fc626,static/icons/059000/059844.png,False
Wind-up Garuda,051b8853525266e463492e8bd3b25b94e284738a,static/icons/059000/059572.png,True
Wind-up Titan,c756b4d091d4af8040042b32a35cae7fade3d6eb,static/icons/059000/059573.png,True
Wind-up Susano,70e8440eae26239e34c3648d3b81a7357d783da9,static/icons/059000/059661.png,True
Wind-up Lakshmi,0f48f2b070485d3dea3a32f35b619e3cd1216c90,static/icons/059000/059662.png,True
Wind-up Shinryu,9add41993b638ce6d715da28568144ab1ad0c408,static/icons/059000/059675.png,True
Seitei,520d350342d552672072dfd51cf94d9527321f7b,static/icons/059000/059727.png,True
Tourmaline Weapon,78137a232b8263874a615d349d9315d897b3446c,static/icons/059000/059893.png,False
Wind-up Scarmiglione,b8aac43e0886c1a37f43ea645d0c941bd7c24256,static/icons/059000/059860.png,True
Wind-up Cagnazzo,ef457ee4a153439d1e05246d884f70243bb6ef34,static/icons/059000/059871.png,False
Wind-up Golbez,289e9bb7d2e49fee669ab9167bb7e56bf0ced3b8,static/icons/059000/059897.png,True
Dress-up Thancred,9d22946b41f48d81474d43ee161505b57917b570,static/icons/059000/059617.png,True
Wind-up Lyse,a74aae3987a00eb6ebcfae974989296b3079495a,static/icons/059000/059648.png,False
Wind-up Alphinaud,5346b6ccffc7d9efa891b14ea37687c86cec5d9b,static/icons/059000/059519.png,False
Dress-up Alisaie,ea3555f9bffc0602eb7df1a06ad5e2995829a41f,static/icons/059000/059618.png,True
Wind-up Cid,70465fe3e3880587b9b9a2820ecf84a624fdccf1,static/icons/059000/059527.png,False
Wind-up Moenbryda,db04f1ab5ed3d1d0cb44b883865766fc569f1c84,static/icons/059000/059624.png,False
Wind-up Gentleman,b706fff043aa1afce1ad9f7e86203d2cd53d7921,static/icons/059000/059515.png,False
Wind-up Leader,67de9b55b187e01f85887fec454b952818d033e9,static/icons/059000/059459.png,False
Dress-up Raubahn,f397261f468a50c3287052fb655d12a9cd1747e4,static/icons/059000/059676.png,False
Wind-up Haurchefant,13405bdf9cab660683f5814b49854f159c3d41c5,static/icons/059000/059568.png,False
Wind-up Aymeric,7f1ff45b0c30e9ca7a82f01402a246e707aa6899,static/icons/059000/059606.png,False
Wind-up Edda,9d47ce6aea52b927c4c25c6808ab4e5744ee8423,static/icons/059000/059619.png,True
Wind-up Estinien,b654b4a1b68aa94b04c7dbb227262dbf10ee285f,static/icons/059000/059628.png,True
Wind-up Gosetsu,1223177b96ef247d031a875eb963f8af58b56a22,static/icons/059000/059650.png,False
Wind-up Hien,badcf61ff79c711dd3183aa027a9e4d5b5138358,static/icons/059000/059664.png,True
Wind-up Zhloe,1c0cb558ee2e3ba2632b560d0484f075af475cb9,static/icons/059000/059698.png,True
Wind-up Khloe,a179c377210d5067748a33d8e3b79dd6de23d94d,static/icons/059000/059660.png,True
Wind-up G'raha Tia,937a22578f98b05a4f2397d87ebeff22659ef421,static/icons/059000/059706.png,False
Wind-up Ryne,9bfdd49c8b59a976b473cd8c396d3ab933cba210,static/icons/059000/059732.png,False
Wind-up Mystel,659a2d0f3e3c23fe410e29f018f50d3df32ba0d6,static/icons/059000/059781.png,False
Wind-up Gaia,05270465b0dc31adabf148549a12b667249b0db8,static/icons/059000/059798.png,False
Wind-up Herois,558f4d09929cb94a90239fc9e7cdb0660ee30b43,static/icons/059000/059841.png,False
Clockwork Solus,8e7e01ce233213cd13ec0f42d413431b41204fa1,static/icons/059000/059855.png,False
Wind-up Erichthonios,96149ad6ccb11e673ed1026b19fb75517a12bfe3,static/icons/059000/059866.png,False
Wind-up Athena,4c0b27c95aa7be73511619e0f5afa8473f6d0a7d,static/icons/059000/059887.png,False
Enkidu,2f9c2fbacd99d5e6da317ebc2360abe05519345d,static/icons/059000/059521.png,False
Wind-up Ultros,e7ffae6782431a069e7b24a53647022d63802c16,static/icons/059000/059504.png,False
Midgardsormr,edd6968ba8a9e0bd70f7feedbd4bf9d70ebf3e3d,static/icons/00N000/00None.png,False
Wind-up Alpha,5ba097dc01700fe70ccfb80d6943fabc0e3ca2e9,static/icons/059000/059704.png,False
Starbird,341861c8e8cabb30f093a3bc2fbe0740ccf400ce,static/icons/059000/059827.png,False
Gigi,33715afc55f3883de152fd581bd505b33f4b2f64,static/icons/059000/059630.png,False
Tengu Doll,68bae5864a4b54cb2a22d4aeeccc3353e5a8e2ad,static/icons/059000/059668.png,True
Wind-up Mithra,d861a4dfc55e5bcfbacd89b984d41d7c1d7163c6,static/icons/059000/059686.png,True
Wind-up Tarutaru,29132c2f320ff3c223208cdffc94f4917810775c,static/icons/059000/059691.png,True
Felicitous Fuzzball,756f393817bef20c4f7dfde6191f670086e08e1c,static/icons/059000/059856.png,False
Wind-up Airship,ac60009967da53c037649e3287f1d56385ce348d,static/icons/059000/059445.png,True
Accompaniment Node,d29dca7b3e4f705906e1c204bb2617a088b32f79,static/icons/059000/059542.png,False
Magitek Avenger F1,caa3461980e78cfcbba421e07ef93f731618f34b,static/icons/059000/059657.png,True
Wind-up Weapon,2e7e4f374f93b5f6bf1a3c5bfe24fb1dd8144e1a,static/icons/059000/059721.png,True
DÃ¡insleif F1,50ec0d6ab59915cd67ad2204fc3bb9e705c690f0,static/icons/00N000/00None.png,False
Optimus Omicron,5afb6bcf5c033ad19b5716854deeedea65049d54,static/icons/059000/059825.png,True
Protonaught,d10d8d5477a18f83c42a712e3393e71199336426,static/icons/059000/059846.png,False
Teacup Kapikulu,ad83a7d44d62d2035288b3a0b270ff17fcc5b6bf,static/icons/059000/059847.png,True
Wind-up Cursor,33a21a3f2b72aaf6d9a584ee43ee0283a9afb967,static/icons/059000/059444.png,False
Wind-up Sun,5c87bcd4c0668fc9b48e7a33120a0a61b3161c02,static/icons/059000/059465.png,False
Wind-up Moon,dbc76022a83d959f70b6107cb914640126e2ddd0,static/icons/059000/059637.png,False
Magic Broom,88d786572d4705d2d37eb7dc42aa4c7b1d32c275,static/icons/059000/059471.png,True
Miniature Minecart,582c0e767cd797eaa36a4300b1340251230a0fae,static/icons/059000/059486.png,True
Gold Rush Minecart,9f7835e7f4851a0dd0733c1df73d637caf8344e4,static/icons/059000/059547.png,True
Demon Box,76f46a1aa0d1cb71b6f4ea003f9c63ad2b8f9e8f,static/icons/059000/059513.png,False
Allagan Melon,4edde5f2dd2613872a81679e3b0717ed2a388f90,static/icons/059000/059786.png,True
Adventure Basket,f457ec60b148939e008081b78f037e1f6b986e12,static/icons/059000/059836.png,True
Minion Of Light,2307ce4271c723238b9fefe31301488d601a8927,static/icons/059000/059552.png,False
Wind-up Red Mage,e48587847372488383a5d23f48a37f5fa2b28461,static/icons/059000/059640.png,False
Wind-up Onion Knight,002f24a21a36fea40c1f57ba7d176163542c6805,static/icons/059000/059482.png,False
Wind-up Palom,bea38eacc1353931c485294a158420a1b974e307,static/icons/059000/059799.png,False
Wind-up PuPu,3ecd437ffdb5fb8db478d4712731066ffb75b652,static/icons/059000/059854.png,False
Wind-up Zidane,9c29cb5b1a6e9840324a40cf0694e789825eb331,static/icons/000000/000000.png,False
Torgal Pup,7af61c001fcfa002a0611d808a269a1c5ba79505,static/icons/000000/000000.png,False
Lalinator 5.H0,58a7c32a11f8062231d6c4437d6663dd63fe4173,static/icons/059000/059780.png,False
Wind-up Brickman,1b25ca1c886fd16b9e107501ae497cfc55d6be47,static/icons/059000/059455.png,False
Jibanyan,15a5b4da07821344c73e4d082e302766e21d8274,static/icons/059000/059584.png,False
Palico,c6ce7ce4aeb22bab7cf7c37880cab976c0eb2222,static/icons/059000/059692.png,False
Poogie,6fe0236045d9c168cc16e6c183c1f8bef316821f,static/icons/059000/059693.png,False
Pod 054,c0b2371862353ef669e028ab472446c079fd5c41,static/icons/059000/059764.png,False
2B Automaton,1dc2fc6efce0927a927fd23a322a350589e826ff,static/icons/059000/059794.png,False
2P Automaton,ca1160db8649ed716642e0f61038c93ce8f45fdc,static/icons/059000/059795.png,False
Smaller Stubby,f2c04e1a7e6ae1edd372e0b1f143fb75f146e30b,static/icons/059000/059815.png,False
9S Automaton,234c43cbb688a211b73612c686abd73aac528b0a,static/icons/059000/059819.png,False
Pink Bean,ca7b3b869be6a3f24e4b145800dc57d22cce36e7,static/icons/059000/059899.png,False
Pegwin,bbef983cc071026ddff1de68bc1f40d0929a9820,static/icons/059000/059900.png,False
Flame Hatchling,07bdde521e18e58ce3629e0266ad946df929a7e6,static/icons/059000/059411.png,False
Heavy Hatchling,7ecfb97c0382a4b1b2643692d48573a58da03c0d,static/icons/059000/059506.png,False
Castaway Chocobo Chick,a4febdc67c2657bd10a3a91eccc84ccd3ec19fda,static/icons/029000/029148.png,True
Taoist Moogle,8689939afc52a3beae350e314df3fb16f4ca96a2,static/icons/059000/059611.png,False
Behemoth Heir,c41216fb53990178791aab34126852138cc7c669,static/icons/059000/059541.png,False
Tiny Rat,292ea86203fa1965e36369bb95f9c9573901416b,static/icons/059000/059413.png,True
Baby Bun,ac2a9777366d9026e9801612575a8201299855a4,static/icons/059000/059414.png,True
Infant Imp,65bbee1d849a2c0f10ad6ee7cedf6a4e565d46d4,static/icons/059000/059418.png,True
Black Coeurl,122eb845132dd87cd268bf742ea70021254855d0,static/icons/059000/059514.png,False
Gravel Golem,ad968db6ad825a1c0bc0efd3826a518f5dd1e3e3,static/icons/059000/059419.png,True
Tiny Tortoise,b64312824588e55b852369fdd9603822c6b07206,static/icons/029000/029064.png,True
Baby Raptor,a46823b4902ae7af1f74d99286bb4b4b7b2db580,static/icons/059000/059421.png,True
Dust Bunny,8028bf2c09d6b376eb2ce8af70a2ec377125e1b6,static/icons/059000/059424.png,True
Pudgy Puk,ce9c8171de2561ac2ea285acb40dd37e0788d597,static/icons/059000/059427.png,True
Smallshell,87b7a5e0b0e6dc9f02b33df0274f5afa3cfda7cb,static/icons/059000/059430.png,True
Tomato King,a96df21e9d4cc35d803b44c77b998db230ea1683,static/icons/059000/059480.png,True
Private Pachypodium,85817a9e6712c45dafdb5b4897ce0005251fa440,static/icons/059000/059873.png,True
Bite-sized Pudding,ae17b65268b168d57ac0dbf0f8dfc0873803960e,static/icons/059000/059437.png,True
Demon Brick,369726874fd6f016c7182dd5e90467e8f5970616,static/icons/059000/059439.png,True
Minute Mindflayer,22a0ec1c66372a7e014078ecb470c84b76b34684,static/icons/059000/059461.png,True
Baby Opo-opo,2bde440a5054f974c7be8b5976c2298cbf8150bb,static/icons/059000/059470.png,True
Zu Hatchling,0bfcdd4efaa17199c2c1c17930bea8c559b56209,static/icons/059000/059473.png,False
Wind-up Rudy,b0f38e92f7c6c3b6e7754d230afb375c080e733e,static/icons/059000/059820.png,False
Weatherproof Gaelicat,57ddabc2ee0552c36645c16013f41925ce0d857f,static/icons/059000/059784.png,True
Page 63,38d6e51c116df306d5b6abebf11be789b161e437,static/icons/059000/059535.png,True
Griffin Hatchling,d32805ed0a8ed5129b5dcb17f30e8f4a30c69fed,static/icons/059000/059537.png,False
Paissa Patissier,3d8c750be2d8dc1ab9b1aed3d7dffb70bb48866f,static/icons/059000/059772.png,True
Paissa Threadpuller,529ce79276732f144a91997c2e7828bc844d9401,static/icons/059000/059773.png,True
Korpokkur Kid,9e834a1077abb7a7f8af26777907bcfa1c55c876,static/icons/059000/059566.png,True
Morpho,45ae205386411a0d64a8c07b8840646f2ae71960,static/icons/059000/059579.png,True
Tiny Tatsunoko,85c7db67a3c2a86e6a346c33bd20837745365fcc,static/icons/029000/029149.png,True
Wind-up Matanga,279206dc521c58ec5180400dd55aa3f0d0433326,static/icons/059000/059669.png,True
Dhalmel Calf,ef1835036a738e44fc8c4bc3d73190f5d56ba28c,static/icons/059000/059715.png,True
Monkey King,c87098631b1371d71f0f62be058b57b171297d44,static/icons/059000/059701.png,True
Mudpie,ff3505ff1e2269f0d00b86961b83e593faf1d245,static/icons/059000/059712.png,True
Armadillo Bowler,a0d7eeb0663fc7dbf5a3daf6fbfc209fb1f0abbe,static/icons/059000/059736.png,True
Micro Gigantender,02f1db6aa0a5413a095f16ca07778f9ba94318ef,static/icons/059000/059738.png,False
Clionid Larva,bf190b56b60d8cb0e04df68fabcd3db999b6d274,static/icons/059000/059739.png,True
Sungold Talos,4a8bc845e1d31a2d5f8e1a8357adc154ab09b057,static/icons/059000/059766.png,True
Petit Pteranodon,1337e2ef02bcea0d3b6d1d8b583616801a078820,static/icons/059000/059788.png,True
Drippy,72c6a7a3a3ccf890e1adbf9704737327cdd09c44,static/icons/059000/059805.png,True
Prince Lunatender,be27842dd3da0ba5c05d8ca9a594b1adf923b4c3,static/icons/059000/059833.png,True
Sky Blue Back,7573abcedbc2501953195c6ad8d9bb7c8951ebcc,static/icons/059000/059868.png,False
Cerberpup,60c67e6565e7836216b66eb56e9c1696f277297a,static/icons/059000/059763.png,True
Wind-up Halone,0305f4b843df93ebce67192efe8e5672c2c637d4,static/icons/059000/059874.png,False
Wind-up Oschon,9723485b84b87b36dc1f8aa92e35f67495eaff23,static/icons/059000/059894.png,False
Squirrel Emperor,e16d25e39509bf07aff6aa598c077ea79fe1cf84,static/icons/059000/059821.png,False
Unicolt,68e73338f4f64cfd01b61b14b2e7144bf75a2398,static/icons/059000/059528.png,True
Gestahl,35ecd94c1d73c243d5eeb00f928be799f1d8fd78,static/icons/059000/059539.png,True
Dwarf Rabbit,713855d1ca36f41d5c74e49e5deb979f2bab0b02,static/icons/059000/059609.png,True
Fox Kit,a76052476b50bbff3236bbaa2cbf2d480747907b,static/icons/059000/059642.png,False
Bom Boko,89fcd32713f7058f65bb8959c19b478ff4ed7389,static/icons/059000/059646.png,True
Mameshiba,cb5ef9527840681ea16b7213d71cbe79f97ea5d8,static/icons/059000/059667.png,True
Black Hayate,bb6478471526db142387ecc755c2951c07ae19b6,static/icons/059000/059733.png,True
Koala Joey,178ef2195f7e15f59420177baf59158d146024e4,static/icons/059000/059671.png,True
White Whittret,8f6efb26da3d22118ae05e9459922630f84578a1,static/icons/059000/059679.png,True
Komainu,b3b08c281935b29e867fc2f25f2b5fb9338c8d28,static/icons/059000/059688.png,False
Frilled Dragon,e805d0d2636a7ef5f953f88ae541df1c18f329aa,static/icons/059000/059695.png,False
Capybara Pup,716e8abffac72bfaa62e1e7d3e8578baa989390f,static/icons/059000/059716.png,True
Hedgehoglet,f6a3d3567ea0a96ec11eef90cc16163226101984,static/icons/059000/059730.png,True
Chameleon,044d665044d5d205f65876a791a9dba4acc93728,static/icons/059000/059734.png,True
The Behatted Serpent Of Ronka,7428a370dd7aac0b18f4647d9701a896bc10db81,static/icons/059000/059770.png,False
Butterfly Effect,6e0ac88d4613193dcdbd0bbb4341dec3ba128610,static/icons/059000/059750.png,False
Flag,da7b6149468a54f5566f5da1c011a5fd6a62546a,static/icons/059000/059822.png,True
Caduceus,d7a3cc2a51bab45281805d04bff284db011f17de,static/icons/059000/059835.png,False
Wind-up Kangaroo,655b0f22deac44f3dab68a1ba63eabedbfd7a981,static/icons/059000/059845.png,True
Shiromaru,7ab5c5c93f1c8579f2120556458fc21cfffcbb1a,static/icons/059000/059886.png,True
Kuromaru,dd510ddd6aa7f60bfb9a8f8f844c74d1c906ddde,static/icons/059000/059890.png,True
Posher Otter,483483cf4c83b007745c1dd748b65b737cedeec6,static/icons/059000/059881.png,False
Ghido,4d4f55e160c82f1493391d8dca40075fe8b42175,static/icons/059000/059658.png,True
Salt & Pepper Seal,e025cbb1b8b81d9c449380dca7d1b379fc3ba929,static/icons/059000/059672.png,True
Axolotl Eft,3fb66377e8e80560769ef6cc14b462b27eec3d09,static/icons/059000/059673.png,True
Aurelia Polyp,d7580e486ad0e520748b1fdbeb53975176fc7697,static/icons/059000/059683.png,True
The Major-General,7748cd837522f99a82c998345991473d1cfc6f8e,static/icons/059000/059775.png,False
Laladile,3e7a88e0c264688b08fe6ef18f51fe37931e94dc,static/icons/059000/059778.png,False
Owlet,80622fcc0a3bace16c2d9dd25ef31bbe11605b6c,static/icons/059000/059530.png,True
Ugly Duckling,39ddc0ecf5a7c4a25d3c34e5350b62ba7fa3ab5a,static/icons/059000/059531.png,True
Shoebill,3e3e7fc4c7837232c4dda80ee329a0abac39d284,static/icons/059000/059749.png,True
Puffin,955696f4bb115dcee6bc786d2ab5fd0b63db68f0,static/icons/059000/059878.png,True
Wind-up Qiqirn,dc1991ff0d89e3a0ac0cc21085ec35d4c70decdc,static/icons/059000/059446.png,True
Wind-up Namazu,1f04f754effa1d274e43867875de8794402ae451,static/icons/059000/059653.png,True
Wind-up Fuath,11dbe97352cf874b7d312616750197407beadc95,static/icons/059000/059735.png,True
Wind-up Grebuloff,aeac61e56c33b346be007a97a19396d0a463b571,static/icons/059000/059839.png,True
Wind-up Goblin,f10c4067828c20a1c881061fc29d4cfe5969837e,static/icons/059000/059443.png,False
Wind-up Gundu Warrior,0fd9e2b5719a9f53b3e6fd6ae087d0c5afa8a750,static/icons/059000/059557.png,False
Wind-up Zundu Warrior,62b3c979579786f718707023c07e9dc197acb175,static/icons/059000/059569.png,False
Wind-up Qalyana,c91f1850cfa50475515a42c77d993b95c644bbe5,static/icons/059000/059722.png,False
Wind-up Ifrit,b8f7f905c327321e67396fa657b48480abe692a2,static/icons/059000/059567.png,True
Wind-up Ramuh,be9fab4e73ea62aa653eec21a2dd9f0cb4cfd4c0,static/icons/059000/059598.png,True
Wind-up Shiva,1e526a2ce0e6fb62f09dd7f0fb9dfedba69af51d,static/icons/059000/059599.png,True
Wind-up Odin,65b19d38a311e4105a724f4966e8c9f30aaf7bf0,static/icons/059000/059468.png,False
Wind-up Bismarck,33bd8fb83fba3147da86d56d7d5bbaa9847967c6,static/icons/059000/059663.png,True
Wind-up Ravana,b65f1deb166951915b3011b021a1fc7b8efbd3e5,static/icons/059000/059665.png,True
Byakko Cub,3f5df77e0f7908711040321b3f6e42b2ba7951a0,static/icons/059000/059684.png,True
Scarlet Peacock,f80cd1e96b7feba2559f283cd3c64ccdf515697d,static/icons/059000/059703.png,True
Wind-up Louisoix,0dce82f57f1cdcf084c3b85b2c9c093dfba5e5a0,static/icons/059000/059512.png,False
Wind-up Godbert,425a8c04e73ba5d1d040c75b9b8b65d81c35d3cd,static/icons/059000/059876.png,False
Wind-up Nanamo,490334591095c5877d5be92055d50475900527ca,static/icons/059000/059499.png,False
Dress-up Yugiri,45daf7fb7184a13ed029da7422762df54de6d882,static/icons/059000/059649.png,True
Dress-up Estinien,22236d77231c73b3c4cf8f08e3bdb11ff7cf9ff3,static/icons/059000/059760.png,False
Wind-up Cirina,31e64c5b35dc40829825ddd826f2218c47db2995,static/icons/059000/059697.png,False
Wind-up Magnai,5750a428d4bbdc15987ed3698ec8686115f40a39,static/icons/059000/059682.png,True
Wind-up Sadu,1a7b7217514e7179978b5b2a2ef6a801bf5777f7,static/icons/059000/059696.png,True
Mock-up Grynewaht,0496d4fea9c1226f6e51c4353afe1de7a38420b0,static/icons/059000/059652.png,True
Wind-up Dulia-Chai,3c33009711e50daa27969c0a3fd36afe35948195,static/icons/059000/059776.png,False
Wind-up Ardbert,d86ee91745c5ef271d1353ae88de2e5e11d24085,static/icons/059000/059782.png,False
Senorita Sabotender,d845bb44bb7400f57e92adc75392de1d8ce2687e,static/icons/059000/059812.png,False
Wind-up Gilgamesh,f70599ed156ab3d244860ebe4ad45b9d03443f7f,static/icons/059000/059476.png,False
Mammet #001,ff8c2504c515dbbfecf6f1e810de13d2f78096e5,static/icons/059000/059401.png,True
Mammet #003G,00dfdadead21bec989d6b9f6f061e86ec2f17392,static/icons/059000/059407.png,False
Anima,ea18fcc0ca41043980030a7933cc6d735ed71b16,static/icons/059000/059631.png,False
Wind-up Chimera,e4a0af4a4c49c19af254b573ccc5a0af2d73c9f8,static/icons/059000/059655.png,True
Motley Egg,95c1e669ebc6c1bc821ad368bd90a41e416ce41f,static/icons/059000/059680.png,False
Vicarious Vacationer,124c5e45d675a215e52b350440f2548d398db2d9,static/icons/059000/059896.png,False
Model Magitek Bit,928a9bd858ad44998955756b099e1e2175fa5c22,static/icons/059000/059516.png,True
Sharksucker-class Insubmersible,f7ea14061c50d7e3a60fca2afd050e26925d9eaf,static/icons/059000/059748.png,True
Magitek Predator F1,1eaf3e9fe45366494a4197ee241df735902d433e,static/icons/059000/059811.png,True
Clockwork Novus D,d9ad2fc283d42288b06478cf81ec1230198bc37d,static/icons/059000/059849.png,True
Wind-up Ragnarok,bec85fb66da4e43246b63b120401e7407dc501a8,static/icons/059000/059852.png,False
Zephyrous Zabuton,8f5f004d8af27a9c29ea6c8728bf800d71c97fec,static/icons/059000/059728.png,False
Clockwork Barrow,b7efe2606c871228adcbcc89cc5aff22e80833d5,static/icons/059000/059533.png,True
Private Moai,3372f9a9ab50d8be06622bcf5d5de6719e3374e9,static/icons/059000/059678.png,True
Wind-up Warrior Of Light,a8b6716919f39cec97d50900ac812c2db9310ad5,static/icons/00N000/00None.png,False
Wind-up Firion,1f9b907c2bad93fbccc39079deff97ec6cec30fe,static/icons/059000/059549.png,False
Wind-up Porom,0635dc690ba4910e0c5b977efec136397fe7e088,static/icons/059000/059800.png,False
Wind-up Ramza,9b37d7e89869bdc118f3385bbbc0862cc7f5756a,static/icons/059000/059670.png,False
Water Imp,56f08d3c7799a12d9309562a9638188505734aae,static/icons/059000/059511.png,False
Shogunyan,804584d64746c3bfd9078d4d512290229a0343da,static/icons/059000/059583.png,False
Zazel,2443f078b0b42d466ce84bf8af0a242464242ab5,static/icons/059000/059792.png,False
Damona,f94738b0224a9faf3c39ead74cd9e99a4dd131c9,static/icons/059000/059793.png,False
Pod 316,6ca0a660b2b91a109ea76f98b4e40d4179157041,static/icons/059000/059765.png,False
Chigoe Larva,9e6a7dc6c4b2b3798e9e7f105fdba7eec73d8808,static/icons/059000/059415.png,False
Coeurl Kitten,15d78b86ebc445238244fa3e7b3f3b56d1a0eee6,static/icons/059000/059452.png,False
Wolf Pup,bd6f207288cb2e057fb5bce7ffa451d54155bfa7,static/icons/059000/059450.png,False
Wind-up Succubus,776fdc53a2822253b56ddebca3e5df74e25ad43d,static/icons/059000/059475.png,False
Wind-up Sasquatch,9087825c3646f025045b48a781209b080bc6999f,static/icons/059000/059608.png,False
Hecteye,1304b757a08c5439c50117428ea349d9a6c897a3,static/icons/059000/059610.png,False
Yukinko Snowflake,f36a83cc09dfb21545a21996131eeda05f3b0d76,static/icons/059000/059719.png,True
Forgiven Hate,8aca490fbd622c8f860821792f88dccc3de77411,static/icons/059000/059752.png,True
Greener Gleaner,c4ec7ee700bea0493dca145b44077271437af282,static/icons/059000/059838.png,True
Sponge Silkie,d9d3e53beb1b072d70acd9c925502d305e7d1be4,static/icons/059000/059863.png,True
Toy Alexander,711b0f8bd78ac88ece3fe0b2c5eb1248fde555cf,static/icons/059000/059615.png,False
Tora-jiro,344f03d87dd05df00bfe416a531c72101db00efc,static/icons/059000/059643.png,False
Meerkat,c26102e9239a3e2e96b80b381a137ea2ab3425ec,static/icons/059000/059756.png,True
Suzusaurus,ade9dc572b0173df91943da8561c73124f7b5c10,static/icons/059000/059869.png,True
Blue-footed Booby,0bab22e52af99ac910697714188a8c3a5e899a7e,static/icons/059000/059853.png,True
Wind-up Meateater,b56596fb86d0658170cca14e2bf16c4a03a4acd8,static/icons/059000/059656.png,False
Wind-up Illuminatus,b8f45a1d80f342881e4ba5fc1ac12c4c37319107,static/icons/059000/059559.png,True
Wind-up Sylph,5b5fff17df081c533f7eb5fa695d7bffa045994d,static/icons/059000/059449.png,False
Wind-up Violet,6a09fa36159bf54c8e04a80ec1c60ec642c1df0b,static/icons/059000/059493.png,False
Wind-up Amalj'aa,c38dcb64ae362c641c3a7aa88d1bb969010cb618,static/icons/059000/059454.png,False
Wind-up Founder,a224f65e96e4f6db5bbcf3367068803ec92afe43,static/icons/059000/059492.png,False
Wind-up Dezul Qualan,f407b4e28ec7d8dea6fe2585b114eca2c265adee,static/icons/059000/059494.png,False
Wind-up Ixal,151abcfc37bd68b5e2580015a8fc52b4c5aa81d7,static/icons/059000/059474.png,False
Wind-up Kobold,6339f039940cef4328a6728aca716daffe1f1346,static/icons/059000/059463.png,False
Wind-up Kobolder,1d23542b9eae376ade5aff228606ec3f8af578cd,static/icons/059000/059495.png,False
Wind-up Sahagin,cb52c6e30c089c2e4b8776be4223df5a058816fe,static/icons/059000/059464.png,False
Wind-up Sea Devil,1e79fdcb726ba72c8ca5b6a285edd5e4ee13d498,static/icons/059000/059496.png,False
Rubellite Weapon,37539239e4f5de2f6692e47c15b63eb25713c122,static/icons/059000/059882.png,False
Brave New Urianger,f99ee604e7bf9716f4662467cf9c0c38fe3e5acf,static/icons/059000/059829.png,True
Mammet #003U,8c0458d8521aab1ce378c2f9ce9ed55fc33223ea,static/icons/059000/059408.png,False
Wind-up Cheerleader,b35ba48039941a0775bcd8aa529f7a7613c345cf,static/icons/059000/059604.png,False
Wind-up Elvaan,c7f5a56c4716affeeed968ad7b835526449e01ce,static/icons/059000/059714.png,True
Minitek Conveyor,27efcd022a4ebf7c05c1d7aa4cc53d5418617b9a,static/icons/059000/059724.png,False
Syldrion-class Insubmersible,636f8747fe29fba3af7d65a05dc1f3c902697162,static/icons/059000/059797.png,True
Clockwork Crimson Chaser,8bf13593d44b0451db91e348a38947e7148c9538,static/icons/059000/059858.png,False
Clockwork Cerulean Chaser,1760181377cd48eddea6ff3ad072edee3ce2e380,static/icons/059000/059859.png,False
Clockwork Lantern,5eb37e03476fdf19ecda9238a3d2da5d7a501072,static/icons/059000/059700.png,False
Komasan,687b3308c8ddf8672a1af13ba494f4f42b0c5534,static/icons/059000/059586.png,False
Whisper,706ef72cb79c3dc3122c6a6f464d2738a4de6e0a,static/icons/059000/059592.png,False
Blizzaria,c8c8a7fae7ce5e85b1c3d5a8f2f1cc8ffee94233,static/icons/059000/059594.png,False
Kyubi,3c357d5f548ff11deed231f384f99acbb9b36f65,static/icons/059000/059591.png,False
Komajiro,62ff3a7a8c5d85476d9d840081e8f4ff63854217,static/icons/059000/059587.png,False
Manjimutt,9a97bf8fa1e744be9e19451fd7ee8986d4fdd207,static/icons/059000/059595.png,False
Noko,b81ea82a92f891a967cf9294556727599b071b74,static/icons/059000/059588.png,False
Venoct,a3c167299059f945460df34a4c52fa17d0d7c592,static/icons/059000/059590.png,False
Hovernyan,cd515d4542888a9f577cfddc20b9cf63715a9a20,static/icons/059000/059585.png,False
Robonyan F-type,87ee4c5c1010f777c9f9c50140fc1574ba96650b,static/icons/059000/059593.png,False
USApyon,515026e6e10e75433daa080c1cc4a2441fc5984d,static/icons/059000/059589.png,False
Lord Enma,74d5d92a23c736df76e2f5c29fd8c5a61692453d,static/icons/059000/059790.png,False
Lord Ananta,9b5159c551a58297591740f96c5faa4e5f616a1f,static/icons/059000/059791.png,False
Bridesmoogle,e5b327cb8cda01d4e2659c56c0c8061953c602ec,static/icons/059000/059713.png,False
Bacon Bits,48b44854722b15ec49129c68a0cb86f311cbec35,static/icons/059000/059753.png,True
Faustlet,f158bb7f4360a4927a8d3329d952d9231a339f5c,static/icons/059000/059576.png,False
Silver Dasher,e4f66e14cdccbf846d46c34dce72f2008d3acaa0,static/icons/059000/059771.png,True
Brave New Y'shtola,bd06ba24703c383106958fbb6b7facb0525253ff,static/icons/059000/059731.png,False
Little Yang,7d791f7d3e804eb1778829b84ea1077261e4172e,static/icons/059000/059708.png,False
Plush Cushion,244b96af28905e5d11004fc1fea425935397a725,static/icons/059000/059466.png,True
Benben Stone,5a11e23d1eb1aeb8ddbd5b70d6402eb5608db622,static/icons/059000/059813.png,True
Wanderer's Campfire,6cc6b8654f3a0f86d01db437a5787b06ee246b67,static/icons/059000/059814.png
Wind-up Moogle,0174d50a4bc5707a790d2f35ef2306ca6a470cda,static/icons/059000/059472.png,True
Baby Behemoth,0122c39707e7d9b977a6bd05d2978a4a8181dfb0,static/icons/059000/059405.png,False
Wind-up Tonberry,ced1e9466740e2e7a042c7cb3fc9b06d417daafb,static/icons/059000/059453.png,True
Baby Bat,4dafca38f35d7879066c73b3af766abbbf6f65f5,static/icons/059000/059422.png,True
Gigantpole,16cde2859c8bb21728a3b4c6d67787cdeba7b0ed,static/icons/029000/029317.png,True
Garlic Jester,b7224867bf5e67ffb2333146d5ad0a5aa6066d1b,static/icons/059000/059479.png,True
Littlefoot,7ec35565ac12048aa244418b77e0149d954b1a57,static/icons/059000/059508.png,True
Iron Dwarf,3dcca880c5f67d3f92c7b3fd5310d89e0429b51e,static/icons/059000/059536.png,True
Calamari,cec5bcf87e20a4f74c9b03258d101c1088587621,static/icons/059000/059602.png,True
Hellpup,708a8571c2dd5700bf2bde5069412c01f17cf56f,static/icons/059000/059634.png,False
Sewer Skink,1622223a39a38f66b0c93da581e5de85d7f2191c,static/icons/059000/059864.png,True
Hunting Hawk,63e0a2343e713df8b5ed7802a2a1535fbb158021,static/icons/059000/059562.png,True
Wind-up Fran,99fbba6500dadc933d742b29f628327014f79a3e,static/icons/059000/059725.png,False
Model Vanguard,08eb5b2a1c67a2daec429a001b38d9eb6a274701,static/icons/059000/059438.png,True
Wind-up Kain,b58775a13d7e6623cfb5740828cb9ac4dede24d3,static/icons/059000/059525.png,False
Wind-up Bartz,4f841fb274ab6e691d8d7e7ddd838c227fb65f10,static/icons/059000/059639.png,False
Mama Automaton,e16723cf9191b873e209bec64802df9ad8b9eebb,static/icons/059000/059870.png,False
Cactuar Cutting,b89f540bae13bbc6f8825e3085dff3291be104f3,static/icons/059000/059429.png,False
Mini Mole,4465ecb0c7d6b16e8a1300a4073389e03217687e,static/icons/059000/059440.png,False
Tender Lamb,8e9584f40deff7d398a128cded626e56ed255467,static/icons/059000/059441.png,False
Brina,69d9aa6ce0891852d0947c408af38928a25234e2,static/icons/059000/059578.png,False
Wind-up Ixion,fe6d32304fd48d6e71fe24d8a524408ea9125f3b,static/icons/059000/059674.png,False
Amaro Hatchling,c67e50b85288abff50b92135c8f2146034f25a2c,static/icons/059000/059777.png,False
Lesser Panda,9e0ae73302c45e5c09c972ed93b4330cd5f2c859,static/icons/059000/059534.png,True
Corgi,ff01545f02c5d278b812763bcb87bdcb86906069,static/icons/059000/059867.png,True
Bitty Duckbill,a0259186b17bc59f78561f2dafd405fdf4fc280d,static/icons/059000/059740.png,False
Domakin,9f751bce85ba14e457c789079dd027864e16c027,static/icons/059000/059759.png,True
Giant Beaver,67537073c999561b88452f42bfa4a957468480c0,static/icons/059000/059742.png,False
Wind-up Ohl Deeh,3ec8fa0e490be3522f382ec1539e83a7fe69612e,static/icons/059000/059636.png,False
Wind-up Redback,4de61dd285661998ea51a156d82307baedc0a9a7,static/icons/059000/059723.png,False
Wind-up Nu Mou,b818844a5f4994234a390d5254c6348abbfa71d5,static/icons/059000/059726.png,False
Little Leafman,fdf12d9b74d616e7fbcc9035272ac66eef4d4fc2,static/icons/059000/059768.png,False
Ironfrog Ambler,cb71cb2cc4fb383270c97be2aa90fc70e79d0127,static/icons/059000/059751.png,False
Bantam Train,fed9da8a06f8ddbed9a5242edc1e11afb0b8eec2,static/icons/059000/059875.png,True
Mystic Weapon,56739f4de8f3fe8032185618c999ed502d6451fe,static/icons/059000/059755.png,True
Wind-up Magus Sisters,7a4f4238d622415c982f5326e828f690e4cf427d,static/icons/059000/059824.png,True
Wind-up Leviathan,afa32aae7e667a7abd9bae5ddf220d8d4711deeb,static/icons/059000/059574.png,True
Storm Hatchling,c899d71f5868816b9d54098f8af63bdce5a6d27b,static/icons/059000/059409.png,False
Fledgling Apkallu,15ccf38d60a2678ada02998f323c42511a7ef7f4,static/icons/059000/059435.png,False
Pegasus Colt,3a77fe08e654e48d5154b1a8c019423caec7dece,static/icons/059000/059613.png,False
Conditional Virtue,eb896a39d04998169bcf4293212d6dc4638879f3,static/icons/059000/059718.png,True
Miniature White Knight,0381123ce4e514198feb7733560217106cfb52ec,static/icons/059000/059757.png,True
Malone,5256db9fce56d36816db56015524b8790e47163e,static/icons/059000/059767.png,False
Ephemeral Necromancer,b3f014b3f8b1cc62e314241cbecc3e52ccb4e5a4,static/icons/059000/059785.png,True
Wind-up Anima,090873685894546dfef06fb7ac2bfa66bbec11a7,static/icons/059000/059826.png,True
Mikra Lyssa,29dddf6eb47fc0251a64d453344faec53a770344,static/icons/059000/059885.png,True
Cute Justice,0bac2064ab8eb6da9d86cafa3359a7d5cd7fb1c6,static/icons/059000/059758.png,False
Save The Princess,4e848c0fc5d1998cfec2f201d450ae8d1c7b82bf,static/icons/00N000/00None.png,False
Much-coveted Mora,04d3778d487176529a9d6c606da3d7df0d3338f5,static/icons/059000/059796.png,False
Dolphin Calf,bc0565de07b6844a4eb9136288ed33ff40fb9dc2,static/icons/059000/059810.png,False
Mossasaurus,db4c747edde5156779e7e539bbb8ae284b1892a1,static/icons/059000/059879.png,False
Gull,85af4b71977b2a6fa650e7a5840a7773af0130c2,static/icons/059000/059808.png,False
Uolosapa,a37280e8f75bfaba9573be6e4f1590d70add0e6c,static/icons/059000/059891.png,True
The Gold Whisker,000667128300b10518afcbdcd71fcddf6d0bd2ee,static/icons/059000/059689.png,True
Wind-up Vath,bbf2af9ddc9a16e413cf47bf626fc9974dcfa21c,static/icons/059000/059571.png,False
Wind-up Gnath,b2db5ee16f127c8fc92c6f8da186a32c5886e551,static/icons/059000/059570.png,False
Wind-up Dragonet,a967fdd04fa4c93a91a0961d95c7c2004f5f9974,static/icons/059000/059597.png,False
Wind-up Nero Tol Scaeva,093ca3c16711e6c15700c832fa8a5695c3603317,static/icons/00N000/00None.png,False
Wind-up Philos,268e9534aa148a7431374de11eefc927dfe06552,static/icons/059000/059865.png,True
Mammet #003L,90d2004a57e33d5e96766daf9496e4372217cad5,static/icons/059000/059406.png,False
Unlucky Rabbit,3af6ae388fe8e28d08d78cfdaa4d075c90a896e9,static/icons/059000/059779.png,False
Golden Dhyata,95700ffe86da07b470eee40c6249cb1ba7f4d4be,static/icons/059000/059837.png,False
Magic Bucket,04e152fa0e307149b6f0849ea5e27da7763c00a6,static/icons/029000/029431.png,False
Tinker's Bell,9b316fa99a6ffdf030d4165fda07afeb5b926ea8,static/icons/059000/059746.png,False
Goggle-eyed Dogu,3a3acbca45274927f51fc3118c910d1e166df50b,static/icons/059000/059889.png,True
Piggy,52b35ee091fbbb8299b09803411794030f5dc74b,static/icons/059000/059600.png,FalseAngel Of Mercy,c7ab959fcdea21f957df1a1d858e20461dd7ac6c,static/icons/00N000/00None.png
